AppID,Name,Price,DLC count,Estimated owners (mid),Positive rate,Total reviews,Release date,Developers,Publishers,Genres
292030,The Witcher® 3: Wild Hunt,39.99,22,15000000.0,0.9610725015130087,642758,"May 18, 2015",CD PROJEKT RED,CD PROJEKT RED,RPG
346110,ARK: Survival Evolved,29.99,15,15000000.0,0.8238310525836696,560268,"Aug 27, 2017","Studio Wildcard,Instinct Games,Efecto Studios,Virtual Basement LLC",Studio Wildcard,"Action,Adventure,Indie,Massively Multiplayer,RPG"
582010,Monster Hunter: World,29.99,200,15000000.0,0.8553732599691156,358757,"Aug 9, 2018","CAPCOM Co., Ltd.","CAPCOM Co., Ltd.",Action
255710,Cities: Skylines,29.99,38,7500000.0,0.9342042209931514,200331,"Mar 10, 2015",Colossal Order Ltd.,Paradox Interactive,"Simulation,Strategy"
239140,Dying Light,29.99,34,7500000.0,0.9502525055395091,333061,"Jan 26, 2015",Techland,Techland,"Action,RPG"
8930,Sid Meier's Civilization® V,29.99,15,7500000.0,0.9614426455316837,185852,"Sep 21, 2010","Firaxis Games,Aspyr (Mac),Aspyr (Linux)","2K,Aspyr (Mac),Aspyr (Linux)",Strategy
883710,Resident Evil 2,39.99,13,7500000.0,0.9713018099015984,110668,"Jan 24, 2019","CAPCOM Co., Ltd.","CAPCOM Co., Ltd.",Action
107410,Arma 3,29.99,18,7500000.0,0.9036517460751334,226822,"Sep 12, 2013",Bohemia Interactive,Bohemia Interactive,"Action,Simulation,Strategy"
552500,Warhammer: Vermintide 2,29.99,14,3500000.0,0.8347680508580025,88402,"Mar 8, 2018",Fatshark,Fatshark,"Action,Indie"
314160,Microsoft Flight Simulator X: Steam Edition,24.99,260,3500000.0,0.8586245270420655,22464,"Dec 18, 2014",Microsoft Game Studios,Xbox Game Studios,Simulation
238090,Sniper Elite 3,29.99,13,3500000.0,0.8204566915615075,23297,"Jun 27, 2014",Rebellion,Rebellion,"Action,Adventure"
389730,TEKKEN 7,39.99,24,3500000.0,0.8219225800833128,68896,"Jun 1, 2017",BANDAI NAMCO Studios Inc.,BANDAI NAMCO Entertainment,"Action,Sports"
782330,DOOM Eternal,39.99,13,3500000.0,0.9107546553413917,153049,"Mar 19, 2020",id Software,Bethesda Softworks,Action
391220,Rise of the Tomb Raider™,29.99,13,3500000.0,0.9390808471389549,112755,"Feb 9, 2016","Crystal Dynamics,Eidos-Montréal,Feral Interactive (Mac),Feral Interactive (Linux),Nixxes","Square Enix,Feral Interactive (Mac),Feral Interactive (Linux)","Action,Adventure"
379430,Kingdom Come: Deliverance,29.99,13,3500000.0,0.8242260800016407,97522,"Feb 13, 2018",Warhorse Studios,"Warhorse Studios,Prime Matter","Action,Adventure,RPG"
620980,Beat Saber,29.99,71,3500000.0,0.9600501331662228,63829,"May 21, 2019",Beat Games,Beat Games,Indie
394360,Hearts of Iron IV,39.99,18,3500000.0,0.9203887065003283,190374,"Jun 6, 2016",Paradox Development Studio,Paradox Interactive,"Simulation,Strategy"
601150,Devil May Cry 5,29.99,32,3500000.0,0.9492967763295035,81552,"Mar 7, 2019","CAPCOM Co., Ltd.","CAPCOM Co., Ltd.",Action
464920,Surviving Mars,29.99,14,3500000.0,0.8450439987492742,22386,"Mar 15, 2018","Haemimont Games,Abstraction",Paradox Interactive,"Simulation,Strategy"
56400,"Warhammer 40,000: Dawn of War II: Retribution",29.99,20,3500000.0,0.9072333469554557,7340,"Feb 28, 2011","Relic Entertainment,Feral Interactive (Mac/Linux)","SEGA,Feral Interactive (Mac/Linux)",Strategy
281990,Stellaris,39.99,19,3500000.0,0.8793503827887396,133493,"May 9, 2016",Paradox Development Studio,Paradox Interactive,"Simulation,Strategy"
703080,Planet Zoo,44.99,12,3500000.0,0.9022278282509758,58666,"Nov 5, 2019",Frontier Developments,Frontier Developments,"Casual,Simulation,Strategy"
236850,Europa Universalis IV,39.99,37,3500000.0,0.864478653416103,107768,"Aug 13, 2013","Paradox Development Studio,Paradox Tinto",Paradox Interactive,"Simulation,Strategy"
454650,DRAGON BALL XENOVERSE 2,49.99,22,1500000.0,0.8843757347754526,34023,"Oct 27, 2016","QLOC,DIMPS",BANDAI NAMCO Entertainment,"Action,Adventure,Casual,Massively Multiplayer"
502500,ACE COMBAT™ 7: SKIES UNKNOWN,39.99,21,1500000.0,0.8635273277484592,27096,"Jan 31, 2019",Bandai Namco Studios Inc.,Bandai Namco Entertainment,"Action,Simulation"
976310,Mortal Kombat 11,49.99,27,1500000.0,0.8664111149831063,66000,"Apr 23, 2019","NetherRealm Studios,QLOC,Shiver","Warner Bros. Games,Warner Bros. Interactive Entertainment",Action
633230,NARUTO TO BORUTO: SHINOBI STRIKER,49.99,38,1500000.0,0.8593957574458967,46669,"Aug 30, 2018",Soleil Ltd.,BANDAI NAMCO Entertainment,Action
535930,Two Point Hospital,34.99,13,1500000.0,0.9146401985111663,28209,"Aug 29, 2018",Two Point Studios,SEGA,"Indie,Simulation"
235540,Warhammer: End Times - Vermintide,29.99,15,1500000.0,0.7998886583329116,19758,"Oct 23, 2015",Fatshark,Fatshark,"Action,Indie"
289130,ENDLESS™ Legend,29.99,13,1500000.0,0.8429816651638112,16634,"Sep 18, 2014",AMPLITUDE Studios,SEGA,"RPG,Strategy"
418460,Rising Storm 2: Vietnam,24.99,12,1500000.0,0.8604678873575088,50353,"May 30, 2017","Antimatter Games,Tripwire Interactive",Tripwire Interactive,"Action,Massively Multiplayer,Simulation,Strategy"
383980,Rivals of Aether,29.99,12,1500000.0,0.9526470233549061,24876,"Mar 28, 2017",Dan Fornace,Dan Fornace,Indie
447040,Watch_Dogs® 2,49.99,30,1500000.0,0.8308004579993754,57641,"Nov 28, 2016",Ubisoft,Ubisoft,"Action,Adventure"
56437,"Warhammer 40,000: Dawn of War II: Retribution",29.99,20,1500000.0,0.9082162060183001,10600,"Feb 28, 2011","Relic Entertainment,Feral Interactive (Mac/Linux)","SEGA,Feral Interactive (Mac/Linux)",Strategy
278080,DYNASTY WARRIORS 8: Xtreme Legends Complete Edition,49.99,21,1500000.0,0.8428424689513493,10708,"May 13, 2014","KOEI TECMO GAMES CO., LTD.","KOEI TECMO GAMES CO., LTD.",Action
527430,"Warhammer 40,000: Inquisitor - Martyr",49.99,20,1500000.0,0.750686583160292,14928,"Jun 5, 2018",NeocoreGames,NeocoreGames,"Action,Adventure,Indie,RPG"
228380,Wreckfest,29.99,14,1500000.0,0.8703354570276947,30763,"Jun 14, 2018",Bugbear,THQ Nordic,"Action,Indie,Racing,Simulation,Sports"
1248130,Farming Simulator 22,49.99,11,1500000.0,0.8904053842541869,31944,"Nov 21, 2021",Giants Software,Giants Software,Simulation
45760,Ultra Street Fighter® IV,29.99,38,750000.0,0.8930407114302031,12256,"Aug 7, 2014",Capcom,Capcom,Action
694280,Zombie Army 4: Dead War,49.99,92,750000.0,0.8371589432654829,4617,"Feb 18, 2021",Rebellion,Rebellion,Action
992300,嗜血印 Bloody Spell,24.99,17,750000.0,0.8783110070663719,23066,"Jan 26, 2022",艺龙游戏,艺龙游戏,"Action,Adventure,Indie,RPG"
226860,Galactic Civilizations III,39.99,17,750000.0,0.7661420500403551,9911,"May 14, 2015",Stardock Entertainment,Stardock Entertainment,"Indie,Strategy"
427100,Fernbus Simulator,29.99,22,750000.0,0.7186174996787871,7782,"Aug 25, 2016",TML-Studios,Aerosoft GmbH,"Casual,Simulation"
960170,DJMAX RESPECT V,49.99,33,750000.0,0.8625424171234665,19154,"Mar 11, 2020",NEOWIZ,NEOWIZ,"Action,Casual,Sports"
221680,Rocksmith® 2014 Edition - Remastered,29.99,1555,750000.0,0.9188579629914398,19508,"Oct 4, 2016",Ubisoft - San Francisco,Ubisoft,"Casual,Simulation"
560130,Pillars of Eternity II: Deadfire,39.99,10,750000.0,0.8747480177395511,14881,"May 8, 2018",Obsidian Entertainment,"Versus Evil,Obsidian Entertainment",RPG
503940,Railway Empire,29.99,10,750000.0,0.8253869969040247,8074,"Jan 26, 2018",Gaming Minds Studios,Kalypso Media,"Simulation,Strategy"
627270,Injustice™ 2,49.99,22,750000.0,0.8604111179403128,14642,"Nov 30, 2017","NetherRealm Studios,QLOC",WB Games,Action
252530,OMSI 2: Steam Edition,29.99,85,750000.0,0.8400269239398699,8913,"Dec 11, 2013",MR-Software GbR,Aerosoft GmbH,"Casual,Simulation"
696170,SENRAN KAGURA Peach Beach Splash,29.99,28,350000.0,0.7983643542019176,3545,"Mar 7, 2018",Tamsoft,"XSEED Games,Marvelous USA, Inc.,Marvelous",Action
392110,ENDLESS™ Space 2,39.99,21,350000.0,0.8328027113073843,19473,"May 18, 2017",AMPLITUDE Studios,SEGA,Strategy
396900,GRIP: Combat Racing,29.99,24,350000.0,0.8512650140557118,3912,"Nov 6, 2018",Caged Element Inc.,Wired Productions,"Action,Indie,Racing"
759740,RIDE 3,39.99,26,350000.0,0.8245653646421314,4428,"Nov 30, 2018",Milestone S.r.l.,Milestone S.r.l.,"Racing,Simulation,Sports"
538680,The Legend of Heroes: Trails of Cold Steel,39.99,24,350000.0,0.9519621109607578,4433,"Aug 2, 2017",Nihon Falcom,"XSEED Games,Marvelous USA, Inc.",RPG
919640,Steel Division 2,39.99,28,350000.0,0.7871900826446281,6291,"Jun 20, 2019",Eugen Systems,Eugen Systems,"Action,Indie,Simulation,Strategy"
530070,Train Sim World® 2020,39.99,26,350000.0,0.7756484149855908,6939,"Mar 16, 2017",Dovetail Games,Dovetail Games - TSW,Simulation
1465360,SnowRunner,27.49,22,350000.0,0.8752361460957179,12703,"May 17, 2021",Saber Interactive,Focus Entertainment,"Adventure,Simulation"
489630,"Warhammer 40,000: Gladius - Relics of War",39.99,13,350000.0,0.7980503655564581,6154,"Jul 12, 2018",Proxy Studios,Slitherine Ltd.,Strategy
1338770,Sniper Ghost Warrior Contracts 2,39.99,23,350000.0,0.8466848611334082,6228,"Jun 4, 2021",Underdog Studio,CI Games,Action
307960,IL-2 Sturmovik: Battle of Stalingrad,49.99,26,350000.0,0.8023899737685806,6861,"Oct 22, 2014",1C Game Studios,1C Game Studios,"Action,Simulation"
507490,Ashes of the Singularity: Escalation,29.99,13,350000.0,0.7600286532951289,4187,"Nov 10, 2016","Stardock Entertainment,Oxide Games",Stardock Entertainment,"Indie,Simulation,Strategy"
520440,GUILTY GEAR Xrd -REVELATOR-,29.99,13,350000.0,0.9333691563675444,7443,"Dec 14, 2016",Arc System Works,Arc System Works,Action
1066890,Automobilista 2,23.99,11,350000.0,0.8968553459119497,4769,"Jun 30, 2020",Reiza Studios,Reiza Studios,"Racing,Simulation,Sports"
312670,Strange Brigade,49.99,10,350000.0,0.84620886981402,5591,"Aug 27, 2018",Rebellion,Rebellion,"Action,Adventure"
376300,GUILTY GEAR Xrd -SIGN-,29.99,37,350000.0,0.9105974705625818,2292,"Dec 9, 2015",Arc System Works,Arc System Works,Action
314650,SpaceEngine,24.99,12,350000.0,0.9607288721332077,6365,"Jun 11, 2019",Vladimir Romanyuk,Vladimir Romanyuk,"Casual,Indie,Simulation,Early Access"
1259980,RIDE 4,49.99,32,350000.0,0.7877397148008524,6100,"Oct 8, 2020",Milestone S.r.l.,Milestone S.r.l.,"Racing,Simulation,Sports"
801630,UNDER NIGHT IN-BIRTH Exe:Late[cl-r],24.99,26,150000.0,0.9398596725693285,2992,"Aug 20, 2018",FRENCH-BREAD,Arc System Works,Action
511740,Gal*Gun: Double Peace,29.99,24,150000.0,0.8677385892116183,1927,"Sep 27, 2016","INTI CREATES CO., LTD.",PQube,"Action,Adventure"
1372280,MELTY BLOOD: TYPE LUMINA,49.99,23,150000.0,0.8509290540540541,4735,"Sep 29, 2021","FRENCH-BREAD,TYPE-MOON,Lasengle Inc.,TAMSOFT CORPORATION,GameLoop Inc.",Lasengle Inc.,Action
564230,Fire Pro Wrestling World,29.99,12,150000.0,0.8877703206562267,2681,"Dec 18, 2017","Spike Chunsoft Co., Ltd.","Spike Chunsoft Co., Ltd.","Simulation,Sports"
985830,SUCCUBUS,24.99,11,150000.0,0.8328267477203647,2960,"Oct 5, 2021",Madmind Studio,Madmind Studio,"Action,Adventure"
622220,Fate/EXTELLA LINK,49.99,47,150000.0,0.9312724261661607,3622,"Mar 19, 2019",Marvelous Inc.,"XSEED Games,Marvelous USA, Inc.,Marvelous",Action
477770,Ride 2,29.99,17,150000.0,0.8655172413793103,2609,"Oct 7, 2016",Milestone S.r.l.,Milestone S.r.l.,"Racing,Simulation,Sports"
502800,SENRAN KAGURA ESTIVAL VERSUS,29.99,12,150000.0,0.9487071683834349,4756,"Mar 17, 2017",Tamsoft,"XSEED Games,Marvelous USA, Inc.,Marvelous",Action
252690,Fantasy Grounds Classic,39.99,1968,150000.0,0.8051197357555739,1210,"May 9, 2014","SmiteWorks USA, LLC","SmiteWorks USA, LLC","Indie,RPG,Strategy"
1255630,WWE 2K22,38.99,10,150000.0,0.7195060057519879,5910,"Mar 10, 2022",Visual Concepts,2K,"Simulation,Sports"
511680,Fate/EXTELLA,39.99,33,150000.0,0.9176410777834265,3933,"Jul 25, 2017",Marvelous Inc.,"XSEED Games,Marvelous USA, Inc.,Marvelous",Action
520940,MX vs ATV All Out,39.99,36,150000.0,0.7863705972434916,1305,"Mar 27, 2018",Rainbow Studios,THQ Nordic,"Racing,Simulation,Sports"
1167450,DAEMON X MACHINA,49.99,14,150000.0,0.889171511627907,5503,"Feb 13, 2020",Marvelous Inc.,"XSEED Games,Marvelous USA, Inc.,Marvelous",Action
1271700,HOT WHEELS UNLEASHED™,49.99,60,150000.0,0.8037489349616587,3520,"Sep 30, 2021",Milestone S.r.l.,Milestone S.r.l.,Racing
434030,Aerofly FS 2 Flight Simulator,37.49,23,150000.0,0.784623486045287,1898,"Nov 20, 2017",IPACS,IPACS,"Action,Indie,Racing,Simulation"
